{
  "target": "target_readmission_event",
  "rows": 3295,
  "train_rows": 2471,
  "test_rows": 824,
  "class_counts": {
    "0": 3222,
    "1": 73
  },
  "accuracy": 0.9805825242718447,
  "roc_auc": 0.96415770609319,
  "classification_report": {
    "0": {
      "precision": 0.9864532019704434,
      "recall": 0.9937965260545906,
      "f1-score": 0.9901112484548825,
      "support": 806.0
    },
    "1": {
      "precision": 0.5833333333333334,
      "recall": 0.3888888888888889,
      "f1-score": 0.4666666666666667,
      "support": 18.0
    },
    "accuracy": 0.9805825242718447,
    "macro avg": {
      "precision": 0.7848932676518884,
      "recall": 0.6913427074717398,
      "f1-score": 0.7283889575607746,
      "support": 824.0
    },
    "weighted avg": {
      "precision": 0.9776471854225454,
      "recall": 0.9805825242718447,
      "f1-score": 0.978676779435237,
      "support": 824.0
    }
  },
  "confusion_matrix": [
    [
      801,
      5
    ],
    [
      11,
      7
    ]
  ],
  "numeric_features": [
    "news2_last",
    "news2_average_7d",
    "news2_delta_7d",
    "respiratory_rate",
    "oxygen_saturation",
    "oxygen_support_flag",
    "systolic_bp",
    "heart_rate",
    "consciousness_flag",
    "temperature",
    "completeness",
    "aura_alerted_flag",
    "acute_decompensation_flag",
    "triage_score"
  ],
  "categorical_features": [
    "unit",
    "care_line",
    "triage_band"
  ],
  "dropped_features": [
    "age"
  ]
}